name,status,timestamp,duration_s
001_helloworld,success,20260313_011611,44
001_helloworld_lib,success,20260313_011611,28
001_helloworld_with_header,success,20260313_011611,47
002_stdin_echo,success,20260313_011611,53
003_string_slicing,success,20260313_011611,113
003_string_slicing_lib,success,20260313_011611,113
004_nineality_sieve,success,20260313_011611,96
004_nineality_sieve_lib,success,20260313_011611,70
005_static_loop,success,20260313_011611,107
005_static_loop_lib,success,20260313_011611,66
006_static_alias,success,20260313_011611,83
006_static_alias_lib,success,20260313_011611,83
007_errno-pow,success,20260313_011611,105
007_errno-pow_lib,success,20260313_011611,72
008_long_run,success,20260313_011611,4404
008_long_run_lib,success,20260313_011611,100
009_stack_buffer_overflow,success,20260313_011611,146
009_stack_buffer_overflow_lib,success,20260313_011611,94
010_integer_overflow,success,20260313_011611,96
010_integer_overflow_lib,success,20260313_011611,104
011_uninit_char_ptr,success,20260313_011611,82
011_uninit_char_ptr_lib,success,20260313_011611,79
012_uninit_int_ptr,success,20260313_011611,86
012_uninit_int_ptr_lib,success,20260313_011611,94
013_poor_quality_addition,success,20260313_011611,84
013_poor_quality_addition_lib,success,20260313_011611,85
014_dead_code,success,20260313_011611,66
014_dead_code_lib,success,20260313_011611,87
015_return_stack_buffer,success,20260313_011611,88
015_return_stack_buffer_lib,success,20260313_011611,119
016_divide_by_zero_float,success,20260313_011611,165
016_divide_by_zero_float_lib,success,20260313_011611,91
017_signed_length_confusion,no_cargo_toml,20260313_011611,27
017_signed_length_confusion_lib,success,20260313_011611,90
018_stack_buffer_overflow_loop1,success,20260313_011611,88
018_stack_buffer_overflow_loop1_lib,success,20260313_011611,74
019_integer_overflow_char_max_multiply,success,20260313_011611,94
019_integer_overflow_char_max_multiply_lib,success,20260313_011611,103
020_stack_linked_list_lib,success,20260313_011611,58
021_complex_goto,success,20260313_011611,103
021_complex_goto_lib,success,20260313_011611,157
022_stdlib_div,success,20260313_011611,68
022_stdlib_div_lib,success,20260313_011611,61
023_struct_and_errno,success,20260313_011611,103
023_struct_and_errno_lib,success,20260313_011611,111
024_struct_and_static,success,20260313_011611,83
024_struct_and_static_lib,success,20260313_011611,103
025_struct_and_errno_and_static,success,20260313_011611,106
025_struct_and_errno_and_static_lib,success,20260313_011611,137
026_goto_and_static,success,20260313_011611,82
026_goto_and_static_lib,success,20260313_011611,79
027_ctype_ascii,success,20260313_011611,168
027_ctype_ascii_lib,success,20260313_011611,233
028_strchr,success,20260313_011611,97
028_strchr_lib,success,20260313_011611,76
029_strcspn,success,20260313_011611,96
029_strcspn_lib,success,20260313_011611,64
030_mutable_buffer_overlap_extrahard,success,20260313_011611,95
030_mutable_buffer_overlap_extrahard_lib,success,20260313_011611,90
031_disjoint_arrays,success,20260313_011611,85
031_disjoint_arrays_lib,success,20260313_011611,86
032_comma_operator,success,20260313_011611,69
032_comma_operator_lib,success,20260313_011611,49
033_bitfield,success,20260313_011611,92
033_bitfield_lib,success,20260313_011611,71
034_cast_to_char_ptr_int,success,20260313_011611,97
034_cast_to_char_ptr_int_lib,success,20260313_011611,66
035_cast_to_char_ptr_float,success,20260313_011611,85
035_cast_to_char_ptr_float_lib,success,20260313_011611,52
036_cast_to_char_ptr_struct,success,20260313_011611,76
036_cast_to_char_ptr_struct_lib,success,20260313_011611,71
037_cast_to_char_ptr_int_no_strict_aliasing,success,20260313_011611,112
037_cast_to_char_ptr_int_no_strict_aliasing_lib,success,20260313_011611,50
038_cast_to_char_ptr_float_no_strict_aliasing,success,20260313_011611,77
038_cast_to_char_ptr_float_no_strict_aliasing_lib,success,20260313_011611,58
039_cast_to_char_ptr_struct_no_strict_aliasing,success,20260313_011611,80
039_cast_to_char_ptr_struct_no_strict_aliasing_lib,success,20260313_011611,94
040_storage_class_auto,success,20260313_011611,74
040_storage_class_auto_lib,success,20260313_011611,57
041_storage_class_register,success,20260313_011611,39
041_storage_class_register_lib,success,20260313_011611,65
042_float_union,success,20260313_011611,162
042_float_union_lib,success,20260313_011611,56
043_iso646_and_digraphs,success,20260313_011611,62
043_iso646_and_digraphs_lib,success,20260313_011611,64
017_signed_length_confusion,success,20260313_044108,267
